{
  "last": 33465.36,
  "change": -648.8300000000017,
  "changePercent": -1.901935822014246,
  "high": 34019.48,
  "low": 33458.64,
  "volume": 0,
  "time": "20260312T10:49:55+08:00"
}