{
  "last": 33520.22,
  "change": -152.72000000000116,
  "changePercent": -0.4535392513989012,
  "high": 33829.49,
  "low": 33322.52,
  "volume": 0,
  "time": "20260306T12:26:40+08:00"
}