{
  "last": 33599.54,
  "change": -73.40000000000146,
  "changePercent": -0.217979184472759,
  "high": 33829.49,
  "low": 33322.52,
  "volume": 0,
  "time": "20260306T13:33:00+08:00"
}