{
  "last": 32771.87,
  "change": 661.4500000000044,
  "changePercent": 2.0599232274134205,
  "high": 33256.69,
  "low": 32455.2,
  "volume": 0,
  "time": "20260310T13:33:00+08:00"
}