{
  "last": 34114.19,
  "change": 1342.3199999999997,
  "changePercent": 4.095951802567262,
  "high": 34218.66,
  "low": 33128.49,
  "volume": 0,
  "time": "20260311T13:33:00+08:00"
}