{
  "last": 34323.65,
  "change": -771.439999999995,
  "changePercent": -2.1981422472488177,
  "high": 35264.59,
  "low": 34323.65,
  "volume": 0,
  "time": "20260303T13:31:00+08:00"
}