{
  "last": 33691.54,
  "change": 18.599999999998545,
  "changePercent": 0.05523723203260108,
  "high": 33829.49,
  "low": 33322.52,
  "volume": 0,
  "time": "20260306T10:48:50+08:00"
}