{
  "last": 32701.52,
  "change": 591.1000000000022,
  "changePercent": 1.8408354671162888,
  "high": 33256.69,
  "low": 32455.2,
  "volume": 0,
  "time": "20260310T12:24:40+08:00"
}