{
  "last": 33435.77,
  "change": 663.8999999999942,
  "changePercent": 2.025822755918396,
  "high": 33442.58,
  "low": 33128.49,
  "volume": 0,
  "time": "20260311T09:11:40+08:00"
}