{
  "last": 33005.03,
  "change": -1318.6200000000026,
  "changePercent": -3.8417242921425974,
  "high": 34228.75,
  "low": 32844.84,
  "volume": 0,
  "time": "20260304T13:00:00+08:00"
}