{
  "last": 35095.09,
  "change": -319.40000000000146,
  "changePercent": -0.9018907232604549,
  "high": 35345.72,
  "low": 34605.36,
  "volume": 0,
  "time": "20260302T13:33:00+08:00"
}