{
  "last": 34076.46,
  "change": 1304.5899999999965,
  "changePercent": 3.980822577411653,
  "high": 34108,
  "low": 33128.49,
  "volume": 0,
  "time": "20260311T11:34:40+08:00"
}