{
  "last": 33400.32,
  "change": -181.54000000000087,
  "changePercent": -0.5405894730071559,
  "high": 33639.18,
  "low": 33013.46,
  "volume": 0,
  "time": "20260313T13:33:00+08:00"
}