{
  "last": 33733.65,
  "change": 904.7700000000041,
  "changePercent": 2.7560184812884394,
  "high": 34319.68,
  "low": 33472.91,
  "volume": 0,
  "time": "20260305T12:42:15+08:00"
}