{
  "last": 33566.45,
  "change": -547.7400000000052,
  "changePercent": -1.6056075199206112,
  "high": 34019.48,
  "low": 33458.64,
  "volume": 0,
  "time": "20260312T12:43:10+08:00"
}