{
  "last": 34454.45,
  "change": -640.6399999999994,
  "changePercent": -1.8254405388332087,
  "high": 35264.59,
  "low": 34377.1,
  "volume": 0,
  "time": "20260303T12:21:35+08:00"
}