{
  "last": 33399.13,
  "change": -182.7300000000032,
  "changePercent": -0.5441330527850547,
  "high": 33639.18,
  "low": 33013.46,
  "volume": 0,
  "time": "20260313T12:28:25+08:00"
}