{
  "last": 34761.1,
  "change": -333.98999999999796,
  "changePercent": -0.9516715871080484,
  "high": 35264.59,
  "low": 34698.98,
  "volume": 0,
  "time": "20260303T09:58:20+08:00"
}