{
  "last": 32003.01,
  "change": -1596.5300000000025,
  "changePercent": -4.751642433199986,
  "high": 32354.61,
  "low": 31529.36,
  "volume": 0,
  "time": "20260309T13:12:35+08:00"
}