{
  "last": 33143.98,
  "change": 1033.560000000005,
  "changePercent": 3.2187682378492872,
  "high": 33256.69,
  "low": 32692.37,
  "volume": 0,
  "time": "20260310T10:46:00+08:00"
}