{
  "last": 31870.45,
  "change": -1729.0900000000001,
  "changePercent": -5.1461716440165555,
  "high": 32354.61,
  "low": 31529.36,
  "volume": 0,
  "time": "20260309T11:42:25+08:00"
}