{
  "last": 33039.34,
  "change": -1284.310000000005,
  "changePercent": -3.741764060640418,
  "high": 34228.75,
  "low": 32950.04,
  "volume": 0,
  "time": "20260304T11:33:25+08:00"
}