{
  "last": 33581.86,
  "change": -532.3300000000017,
  "changePercent": -1.5604357013899544,
  "high": 34019.48,
  "low": 33458.64,
  "volume": 0,
  "time": "20260312T13:33:00+08:00"
}