{
  "last": 33329.84,
  "change": -993.810000000005,
  "changePercent": -2.895408850748696,
  "high": 34228.75,
  "low": 33288.25,
  "volume": 0,
  "time": "20260304T09:07:50+08:00"
}