{
  "last": 34186.02,
  "change": 1414.1499999999942,
  "changePercent": 4.315133680195832,
  "high": 34218.66,
  "low": 33128.49,
  "volume": 0,
  "time": "20260311T13:02:35+08:00"
}