{
  "last": 32828.88,
  "change": -1494.770000000004,
  "changePercent": -4.35492728774476,
  "high": 34228.75,
  "low": 32828.88,
  "volume": 0,
  "time": "20260304T13:33:00+08:00"
}