{
  "last": 33874.66,
  "change": 1045.780000000006,
  "changePercent": 3.1855488216473002,
  "high": 34319.68,
  "low": 33472.91,
  "volume": 0,
  "time": "20260305T10:50:40+08:00"
}