{
  "last": 33672.94,
  "change": 844.060000000005,
  "changePercent": 2.5710898452825837,
  "high": 34319.68,
  "low": 33472.91,
  "volume": 0,
  "time": "20260305T13:33:00+08:00"
}