{
  "last": 31857.06,
  "change": -1742.4799999999996,
  "changePercent": -5.186023380081988,
  "high": 32354.61,
  "low": 31529.36,
  "volume": 0,
  "time": "20260309T09:10:55+08:00"
}