{
  "last": 32110.42,
  "change": -1489.1200000000026,
  "changePercent": -4.43196543762207,
  "high": 32354.61,
  "low": 31529.36,
  "volume": 0,
  "time": "20260309T13:33:00+08:00"
}